date|isMultidelivery|paidByInvoice|amount|tip|discount|discountPercentage|extraCharge|tolls|tollsCommission|advance|insurance|transactionFee|total|year|month
2021-10-30|False|False|76.62|1.0|73.56|0|0.0|0.0|0.0|0.0|0.0|0.0|4.06|2021|10
2021-10-31|False|False|36.7|0.0|35.23|0|0.0|0.0|0.0|0.0|0.0|0.0|1.47|2021|10
2021-11-04|False|False|67.32|0.0|10.1|0|0.0|0.0|0.0|0.0|0.0|0.0|57.22|2021|11
2021-11-05|False|False|169.04|18.0|11.68|0|0.0|0.0|0.0|0.0|0.0|0.0|175.36|2021|11
2021-11-06|False|False|36.72|5.0|0.0|0|0.0|0.0|0.0|0.0|0.0|0.0|41.72|2021|11
2021-11-08|False|False|79.68|20.0|0.0|0|0.0|0.0|0.0|0.0|0.0|0.0|99.68|2021|11
2021-11-09|False|False|41.91|8.0|0.0|0|0.0|0.0|0.0|0.0|0.0|0.0|49.91|2021|11
2021-11-10|False|False|139.46|10.0|0.0|0|0.0|0.0|0.0|0.0|0.0|0.0|149.46|2021|11
2021-11-11|False|False|213.75|18.0|0.0|0|0.0|0.0|0.0|0.0|0.0|0.0|231.75|2021|11
2021-11-12|False|False|273.77|23.0|0.0|0|0.0|0.0|0.0|0.0|0.0|0.0|296.77|2021|11
2021-11-15|False|False|267.52|33.0|0.0|0|0.0|0.0|0.0|0.0|0.0|0.0|300.52|2021|11
2021-11-16|False|False|170.69|10.0|0.0|0|0.0|0.0|0.0|0.0|0.0|0.0|180.69|2021|11
2021-11-17|False|False|242.41|18.0|0.0|0|0.0|0.0|0.0|0.0|0.0|0.0|260.41|2021|11
2021-11-18|False|False|268.6|25.0|4.93|0|0.0|0.0|0.0|0.0|0.0|0.0|288.67|2021|11
2021-11-19|False|False|122.01|8.0|76.46|0|0.0|0.0|0.0|0.0|0.0|0.0|53.55|2021|11
2021-11-22|False|False|133.11|0.0|0.0|0|0.0|0.0|0.0|0.0|0.0|0.0|133.11|2021|11
2021-11-23|False|False|42.37|0.0|0.0|0|0.0|0.0|0.0|0.0|0.0|0.0|42.37|2021|11
2021-11-24|False|False|144.31|20.0|0.0|0|0.0|0.0|0.0|0.0|0.0|0.0|164.31|2021|11
2021-11-25|False|False|110.0|9.0|0.0|0|0.0|0.0|0.0|0.0|0.0|0.0|119.0|2021|11
2021-11-26|False|False|82.45|10.0|31.74|0|0.0|0.0|0.0|0.0|0.0|0.0|60.71|2021|11
2021-11-29|False|False|119.43|10.0|0.0|0|0.0|0.0|0.0|0.0|0.0|0.0|129.43|2021|11
2021-11-30|False|False|76.87|10.0|0.0|0|0.0|0.0|0.0|0.0|0.0|0.0|86.87|2021|11
2021-12-01|False|False|159.23|12.0|0.0|0|0.0|0.0|0.0|0.0|0.0|0.0|171.23|2021|12
2021-12-02|False|False|229.64|28.0|0.0|0|0.0|0.0|0.0|0.0|0.0|0.0|257.64|2021|12
2021-12-03|False|False|283.2|31.0|0.0|0|0.0|0.0|0.0|0.0|0.0|0.0|314.2|2021|12
2021-12-06|False|False|114.59|10.0|0.0|0|0.0|0.0|0.0|0.0|0.0|0.0|124.59|2021|12
2021-12-07|False|False|142.12|15.0|0.0|0|0.0|0.0|0.0|0.0|0.0|0.0|157.12|2021|12
2021-12-08|False|False|542.34|0.0|39.98|0|0.0|0.0|0.0|0.0|0.0|0.0|502.36|2021|12
2021-12-09|False|False|473.77|25.0|16.41|0|0.0|0.0|0.0|0.0|0.0|0.0|482.36|2021|12
2021-12-10|False|False|111.16|0.0|11.12|0|0.0|0.0|0.0|0.0|0.0|0.0|100.04|2021|12
2021-12-11|False|False|56.66|0.0|0.0|0|0.0|0.0|0.0|0.0|0.0|0.0|56.66|2021|12
2021-12-13|False|False|374.18|5.0|0.0|0|0.0|0.0|0.0|0.0|0.0|0.0|379.18|2021|12
2021-12-14|False|False|143.56|11.0|3.55|0|0.0|0.0|0.0|0.0|0.0|0.0|151.01|2021|12
2021-12-15|False|False|279.19|30.0|3.74|0|0.0|0.0|0.0|0.0|0.0|0.0|305.45|2021|12
2021-12-16|False|False|420.56|40.0|13.72|0|0.0|0.0|0.0|0.0|0.0|0.0|446.84|2021|12
2021-12-17|False|False|273.53|48.0|0.0|0|0.0|0.0|0.0|0.0|0.0|0.0|321.53|2021|12
2021-12-18|False|False|27.59|0.0|0.0|0|0.0|0.0|0.0|0.0|0.0|0.0|27.59|2021|12
2021-12-20|False|False|681.82|84.0|0.0|0|0.0|0.0|0.0|0.0|0.0|0.0|765.82|2021|12
2021-12-21|False|False|245.9|16.0|0.0|0|0.0|0.0|0.0|0.0|0.0|0.0|261.9|2021|12
2021-12-22|False|False|463.32|82.0|0.0|0|0.0|0.0|0.0|0.0|0.0|0.0|545.32|2021|12
2021-12-23|False|False|77.57|8.0|0.0|0|0.0|0.0|0.0|0.0|0.0|0.0|85.57|2021|12
2021-12-24|False|False|403.11|43.0|0.0|0|0.0|0.0|0.0|0.0|0.0|0.0|446.11|2021|12
2021-12-27|False|False|196.94|9.0|42.11|0|0.0|0.0|0.0|0.0|0.0|0.0|163.83|2021|12
2021-12-28|False|False|218.08|23.0|0.0|0|0.0|0.0|0.0|0.0|0.0|0.0|241.08|2021|12
2021-12-29|False|False|361.62|11.0|0.0|0|0.0|0.0|0.0|0.0|0.0|0.0|372.62|2021|12
2021-12-30|False|False|87.64|12.0|0.0|0|0.0|0.0|0.0|0.0|0.0|0.0|99.64|2021|12
2021-12-31|False|False|310.02|32.0|0.0|0|0.0|0.0|0.0|0.0|0.0|0.0|342.02|2021|12
2022-01-01|False|False|71.21|15.0|0.0|0|0.0|0.0|0.0|0.0|0.0|0.0|86.21|2022|1
2022-01-03|False|False|88.27|5.0|5.1|0|0.0|0.0|0.0|0.0|0.0|0.0|88.17|2022|1
2022-01-04|False|False|280.49|5.0|0.0|0|0.0|0.0|0.0|0.0|0.0|0.0|285.49|2022|1
2022-01-05|False|False|433.4|32.18|0.0|0|0.0|0.0|0.0|0.0|0.0|0.0|465.58|2022|1
2022-01-06|False|False|370.63|38.0|0.0|0|0.0|0.0|0.0|0.0|0.0|0.0|408.63|2022|1
2022-01-07|False|False|235.02|42.0|0.0|0|0.0|0.0|0.0|0.0|0.0|0.0|277.02|2022|1
2022-01-08|False|False|61.83|3.5|0.0|0|0.0|0.0|0.0|0.0|0.0|0.0|65.33|2022|1
2022-01-10|False|False|261.54|8.0|0.0|0|0.0|0.0|0.0|0.0|0.0|0.0|269.54|2022|1
2022-01-11|False|False|607.43|30.0|0.0|0|0.0|0.0|0.0|0.0|0.0|0.0|637.43|2022|1
2022-01-12|False|False|269.84|27.0|0.0|0|0.0|0.0|0.0|0.0|0.0|0.0|296.84|2022|1
2022-01-13|False|False|369.77|44.0|0.0|0|0.0|0.0|0.0|0.0|0.0|0.0|413.77|2022|1
2022-01-14|False|False|307.1|21.0|0.0|0|0.0|0.0|0.0|0.0|0.0|0.0|328.1|2022|1
2022-01-15|False|False|40.29|10.0|0.0|0|0.0|0.0|0.0|0.0|0.0|0.0|50.29|2022|1
2022-01-17|False|False|138.96|9.0|0.0|0|0.0|0.0|0.0|0.0|0.0|0.0|147.96|2022|1
2022-01-18|False|False|424.04|21.0|8.72|0|0.0|0.0|0.0|0.0|0.0|0.0|436.32|2022|1
2022-01-19|False|False|494.27|49.0|2.37|0|0.0|0.0|0.0|0.0|0.0|0.0|540.9|2022|1
2022-01-20|False|False|480.79|80.0|0.0|0|0.0|0.0|0.0|0.0|0.0|0.0|560.79|2022|1
2022-01-21|False|False|507.83|57.0|0.0|0|0.0|0.0|0.0|0.0|0.0|0.0|564.83|2022|1
2022-01-22|False|False|44.33|3.0|0.0|0|0.0|0.0|0.0|0.0|0.0|0.0|47.33|2022|1
2022-01-24|False|False|718.79|39.0|0.0|0|0.0|0.0|0.0|0.0|0.0|0.0|757.79|2022|1
2022-01-25|False|False|512.27|33.0|0.0|0|0.0|0.0|0.0|0.0|0.0|0.0|545.27|2022|1
2022-01-26|False|False|222.18|10.0|0.0|0|0.0|0.0|0.0|0.0|0.0|0.0|232.18|2022|1
2022-01-27|False|False|214.85|10.0|3.37|0|0.0|0.0|0.0|0.0|0.0|0.0|221.48|2022|1
2022-01-28|False|False|332.94|28.0|0.0|0|0.0|0.0|0.0|0.0|0.0|0.0|360.94|2022|1
2022-01-29|False|False|117.21|22.0|0.0|0|0.0|0.0|0.0|0.0|0.0|0.0|139.21|2022|1
2022-01-31|False|False|548.02|56.0|2.89|0|0.0|0.0|0.0|0.0|0.0|0.0|601.13|2022|1
2022-02-01|False|False|644.5|6.0|44.63|0|0.0|0.0|0.0|0.0|0.0|0.0|605.87|2022|2
2022-02-02|False|False|419.76|44.0|4.03|0|0.0|0.0|0.0|0.0|0.0|0.0|459.73|2022|2
2022-02-03|False|False|444.83|38.0|3.46|0|0.0|0.0|0.0|0.0|0.0|0.0|479.37|2022|2
2022-02-04|False|False|245.43|45.0|0.0|0|0.0|0.0|0.0|0.0|0.0|0.0|290.43|2022|2
2022-02-05|False|False|71.01|6.0|0.0|0|0.0|0.0|0.0|0.0|0.0|0.0|77.01|2022|2
2022-02-07|False|False|331.21|27.0|0.0|0|0.0|0.0|0.0|0.0|0.0|0.0|358.21|2022|2
2022-02-08|False|False|541.67|38.0|16.65|0|0.0|0.0|0.0|0.0|0.0|0.0|563.02|2022|2
2022-02-09|False|False|609.72|49.0|0.0|0|0.0|0.0|0.0|0.0|0.0|0.0|658.72|2022|2
2022-02-10|False|False|270.06|10.0|0.0|0|0.0|0.0|0.0|0.0|0.0|0.0|280.06|2022|2
2022-02-11|False|False|367.02|56.0|0.0|0|0.0|0.0|0.0|0.0|0.0|0.0|423.02|2022|2
2022-02-12|False|False|118.21|5.0|0.0|0|0.0|0.0|0.0|0.0|0.0|0.0|123.21|2022|2
2022-02-13|False|False|133.01|20.0|0.0|0|0.0|0.0|0.0|0.0|0.0|0.0|153.01|2022|2
2022-02-14|False|False|313.1|11.1|0.0|0|0.0|0.0|0.0|0.0|0.0|0.0|324.2|2022|2
2022-02-15|False|False|646.61|68.0|0.0|0|0.0|0.0|0.0|0.0|0.0|0.0|714.61|2022|2
2022-02-16|False|False|708.18|47.0|34.84|0|0.0|0.0|0.0|0.0|0.0|0.0|720.34|2022|2
2022-02-17|False|False|193.42|11.0|16.65|0|0.0|0.0|0.0|0.0|0.0|0.0|187.77|2022|2
2022-02-18|False|False|388.46|23.0|0.0|0|0.0|0.0|0.0|0.0|0.0|0.0|411.46|2022|2
2022-02-20|False|False|34.46|0.0|0.0|0|0.0|0.0|0.0|0.0|0.0|0.0|34.46|2022|2
2022-02-21|False|False|118.37|15.0|0.0|0|0.0|0.0|0.0|0.0|0.0|0.0|133.37|2022|2
2022-02-22|False|False|558.98|37.0|0.0|0|0.0|0.0|0.0|0.0|0.0|0.0|595.98|2022|2
2022-02-23|False|False|45.41|0.0|0.0|0|0.0|0.0|0.0|0.0|0.0|0.0|45.41|2022|2
2022-02-24|False|False|360.35|23.0|0.0|0|0.0|0.0|0.0|0.0|0.0|0.0|383.35|2022|2
2022-02-25|False|False|423.98|49.14|0.0|0|0.0|0.0|0.0|0.0|0.0|0.0|473.12|2022|2
2022-02-27|False|False|77.68|5.0|0.0|0|0.0|0.0|0.0|0.0|0.0|0.0|82.68|2022|2
2022-02-28|False|False|205.4|30.2|0.0|0|0.0|0.0|0.0|0.0|0.0|0.0|235.6|2022|2
2022-03-01|False|False|409.87|30.0|0.0|0|0.0|0.0|0.0|0.0|0.0|0.0|439.87|2022|3
2022-03-02|False|False|328.9|6.7|7.43|20|0.0|0.0|0.0|0.0|0.0|0.0|328.17|2022|3
2022-03-03|False|False|389.85|10.0|7.51|20|0.0|0.0|0.0|0.0|0.0|0.0|392.34|2022|3
2022-03-04|False|False|456.81|15.0|15.69|50|0.0|0.0|0.0|0.0|0.0|0.0|456.12|2022|3
2022-03-06|False|False|172.13|15.0|0.0|0|0.0|0.0|0.0|0.0|0.0|0.0|187.13|2022|3
2022-03-07|False|False|239.94|10.0|0.0|0|0.0|0.0|0.0|0.0|0.0|0.0|249.94|2022|3
2022-03-08|False|False|577.17|23.0|0.0|0|0.0|0.0|0.0|0.0|0.0|0.0|600.17|2022|3
2022-03-09|False|False|514.53|51.0|7.98|30|0.0|0.0|0.0|0.0|0.0|0.0|557.55|2022|3
2022-03-10|False|False|524.35|27.0|8.56|20|0.0|0.0|0.0|0.0|0.0|0.0|542.79|2022|3
2022-03-11|False|False|180.63|20.0|0.0|0|0.0|0.0|0.0|0.0|0.0|0.0|200.63|2022|3
2022-03-14|False|False|451.6|25.0|0.0|0|0.0|0.0|0.0|0.0|0.0|0.0|476.6|2022|3
2022-03-15|False|False|282.27|17.0|0.0|0|0.0|0.0|0.0|0.0|0.0|0.0|299.27|2022|3
2022-03-16|False|False|390.94|40.0|6.45|20|0.0|0.0|0.0|0.0|0.0|0.0|424.49|2022|3
2022-03-17|False|False|586.42|71.91|0.0|0|0.0|0.0|0.0|0.0|0.0|0.0|658.33|2022|3
2022-03-18|False|False|122.58|25.0|4.26|10|0.0|0.0|0.0|0.0|0.0|0.0|143.32|2022|3
2022-03-19|False|False|134.36|10.0|0.0|0|0.0|0.0|0.0|0.0|0.0|0.0|144.36|2022|3
2022-03-21|False|False|257.4|27.0|0.0|0|0.0|0.0|0.0|0.0|0.0|0.0|284.4|2022|3
2022-03-22|False|False|186.35|14.0|0.0|0|0.0|0.0|0.0|0.0|0.0|0.0|200.35|2022|3
2022-03-23|False|False|479.62|50.0|0.0|0|0.0|0.0|0.0|0.0|0.0|0.0|529.62|2022|3
2022-03-24|False|False|430.71|40.0|6.94|20|0.0|0.0|0.0|0.0|0.0|0.0|463.77|2022|3
2022-03-25|False|False|315.17|42.0|26.76|96|0.0|0.0|0.0|0.0|0.0|0.0|330.41|2022|3
2022-03-26|False|False|27.26|10.0|0.0|0|0.0|0.0|0.0|0.0|0.0|0.0|37.26|2022|3
2022-03-27|False|False|48.81|0.0|0.0|0|0.0|0.0|0.0|0.0|0.0|0.0|48.81|2022|3
2022-03-28|False|False|519.08|30.0|10.27|30|0.0|0.0|0.0|0.0|0.0|0.0|538.81|2022|3
2022-03-29|False|False|386.83|64.0|0.0|0|0.0|0.0|0.0|0.0|0.0|0.0|450.83|2022|3
2022-03-30|False|False|745.33|61.0|6.53|20|0.0|0.0|0.0|0.0|0.0|0.0|799.8|2022|3
2022-03-31|False|False|84.44|5.0|4.66|10|0.0|0.0|0.0|0.0|0.0|0.0|84.78|2022|3
2022-04-01|False|False|317.43|34.0|0.0|0|0.0|0.0|0.0|0.0|0.0|0.0|351.43|2022|4
2022-04-02|False|False|39.77|0.0|0.0|0|0.0|0.0|0.0|0.0|0.0|0.0|39.77|2022|4
2022-04-03|False|False|39.66|4.0|0.0|0|0.0|0.0|0.0|0.0|0.0|0.0|43.66|2022|4
2022-04-04|False|False|571.1|46.0|0.0|0|0.0|0.0|0.0|0.0|0.0|0.0|617.1|2022|4
2022-04-05|False|False|562.34|57.43|0.0|0|0.0|0.0|0.0|0.0|0.0|0.0|619.77|2022|4
2022-04-06|False|False|612.72|46.0|3.69|10|0.0|0.0|0.0|0.0|0.0|0.0|655.03|2022|4
2022-04-07|False|False|370.56|23.0|9.77|30|0.0|0.0|0.0|0.0|0.0|0.0|383.79|2022|4
2022-04-08|False|False|217.72|33.0|0.0|0|0.0|0.0|0.0|0.0|0.0|0.0|250.72|2022|4
2022-04-09|False|False|44.01|10.0|0.0|0|0.0|0.0|0.0|0.0|0.0|0.0|54.01|2022|4
2022-04-10|False|False|74.39|0.0|0.0|0|0.0|0.0|0.0|0.0|0.0|0.0|74.39|2022|4
2022-04-11|False|False|305.26|37.0|0.0|0|0.0|0.0|0.0|0.0|0.0|0.0|342.26|2022|4
2022-04-12|False|False|357.81|41.3|0.0|0|0.0|0.0|0.0|0.0|0.0|0.0|399.11|2022|4
2022-04-13|False|False|712.98|25.0|0.0|0|0.0|0.0|0.0|0.0|0.0|0.0|737.98|2022|4
2022-04-14|False|False|442.69|45.0|0.0|0|0.0|0.0|0.0|0.0|0.0|0.0|487.69|2022|4
2022-04-15|False|False|263.91|19.0|0.0|0|0.0|0.0|0.0|0.0|0.0|0.0|282.91|2022|4
2022-04-16|False|False|30.71|10.0|0.0|0|0.0|0.0|0.0|0.0|0.0|0.0|40.71|2022|4
2022-04-17|False|False|39.96|5.0|0.0|0|0.0|0.0|0.0|0.0|0.0|0.0|44.96|2022|4
2022-04-18|False|False|366.38|34.0|0.0|0|0.0|0.0|0.0|0.0|0.0|0.0|400.38|2022|4
2022-04-19|False|False|326.33|39.5|7.14|20|0.0|0.0|0.0|0.0|0.0|0.0|358.69|2022|4
2022-04-20|False|False|185.49|10.0|0.0|0|0.0|0.0|0.0|0.0|0.0|0.0|195.49|2022|4
2022-04-21|False|False|316.21|27.0|0.0|0|0.0|0.0|0.0|0.0|0.0|0.0|343.21|2022|4
2022-04-22|False|False|277.13|35.0|7.75|20|0.0|0.0|0.0|0.0|0.0|0.0|304.38|2022|4
2022-04-25|False|False|547.06|32.0|0.0|0|0.0|0.0|0.0|0.0|0.0|0.0|579.06|2022|4
2022-04-26|False|False|462.11|40.0|0.0|0|0.0|0.0|0.0|0.0|0.0|0.0|502.11|2022|4
2022-04-27|False|False|260.23|21.0|0.0|0|0.0|0.0|0.0|0.0|0.0|0.0|281.23|2022|4
2022-04-28|False|False|339.73|35.0|57.8|116|0.0|0.0|0.0|0.0|0.0|0.0|316.93|2022|4
2022-04-29|False|False|788.06|22.02|326.4|176|4.0|1.0|0.0|10.0|0.0|0.0|490.68|2022|4
2022-04-30|False|False|57.06|6.0|31.17|96|0.0|0.0|0.0|0.0|0.0|0.0|31.89|2022|4
2022-05-02|False|False|500.7|28.0|26.01|60|0.0|0.0|0.0|0.0|0.0|0.0|502.69|2022|5
2022-05-03|False|False|272.96|19.0|0.0|0|0.0|0.0|0.0|0.0|0.0|0.0|291.96|2022|5
2022-05-04|False|False|274.92|23.0|0.0|0|0.0|0.0|0.0|0.0|0.0|0.0|297.92|2022|5
2022-05-05|False|False|431.61|22.0|0.0|0|0.0|0.0|0.0|0.0|0.0|0.0|453.61|2022|5
2022-05-06|False|False|489.16|46.0|0.0|0|0.0|0.0|0.0|0.0|0.0|0.0|535.16|2022|5
2022-05-07|False|False|50.4|0.0|0.0|0|0.0|0.0|0.0|0.0|0.0|0.0|50.4|2022|5
2022-05-08|False|False|73.23|7.0|0.0|0|0.0|0.0|0.0|0.0|0.0|0.0|80.23|2022|5
2022-05-09|False|False|468.67|49.0|0.0|0|0.0|0.0|0.0|0.0|0.0|0.0|517.67|2022|5
2022-05-10|False|False|199.69|29.0|0.0|0|0.0|0.0|0.0|0.0|0.0|0.0|228.69|2022|5
2022-05-11|False|False|339.08|18.0|0.0|0|0.0|0.0|0.0|0.0|0.0|0.0|357.08|2022|5
2022-05-12|False|False|267.81|11.43|7.77|20|0.0|0.0|0.0|0.0|0.0|0.0|271.47|2022|5
2022-05-13|False|False|279.37|16.99|25.44|60|0.0|0.0|0.0|0.0|0.0|0.0|270.92|2022|5
2022-05-15|False|False|85.31|7.0|0.0|0|0.0|0.0|0.0|0.0|0.0|0.0|92.31|2022|5
2022-05-16|False|False|561.65|50.0|24.42|40|0.0|0.0|0.0|0.0|0.0|0.0|587.23|2022|5
2022-05-17|False|False|778.07|67.0|48.71|136|0.0|0.0|0.0|0.0|0.0|0.0|796.36|2022|5
2022-05-18|False|False|382.44|60.0|0.0|0|0.0|0.0|0.0|0.0|0.0|0.0|442.44|2022|5
2022-05-19|False|False|358.56|43.0|0.0|0|0.0|0.0|0.0|0.0|0.0|0.0|401.56|2022|5
2022-05-20|False|False|299.43|30.0|9.98|20|0.0|0.0|0.0|0.0|0.0|0.0|319.45|2022|5
2022-05-23|False|False|240.36|15.0|0.0|0|0.0|0.0|0.0|0.0|0.0|0.0|255.36|2022|5
2022-05-24|False|False|493.47|51.0|12.75|20|0.0|0.0|0.0|0.0|0.0|0.0|531.72|2022|5
2022-05-25|False|False|471.24|50.0|2.91|10|0.0|0.0|0.0|0.0|0.0|0.0|518.33|2022|5
2022-05-26|False|False|595.33|42.0|37.49|80|0.0|0.0|0.0|0.0|0.0|0.0|599.84|2022|5
2022-05-27|False|False|261.94|25.0|7.32|20|0.0|0.0|0.0|0.0|0.0|0.0|279.62|2022|5
2022-05-28|False|False|45.02|0.0|9.0|20|0.0|0.0|0.0|0.0|0.0|0.0|36.02|2022|5
2022-05-29|False|False|25.93|5.0|0.0|0|0.0|0.0|0.0|0.0|0.0|0.0|30.93|2022|5
2022-05-30|True|False|175.0|2.0|168.0|96|1.0|0.0|0.0|3.0|0.0|0.0|10.0|2022|5
2022-05-30|True|True|105.0|4.0|100.8|96|0.0|0.0|0.0|0.0|0.0|0.0|8.2|2022|5
2022-05-31|False|False|475.1|48.0|80.17|192|0.0|0.0|0.0|0.0|0.0|0.0|442.93|2022|5
2022-05-31|True|True|140.0|0.0|134.4|96|5.0|0.0|0.0|0.0|0.0|0.0|10.6|2022|5
2022-06-01|False|False|839.26|25.0|45.75|120|0.0|0.0|0.0|0.0|0.0|0.0|818.51|2022|6
2022-06-02|False|False|401.41|43.0|8.35|20|0.0|0.0|0.0|0.0|0.0|0.0|436.06|2022|6
2022-06-03|False|False|555.48|98.49|9.53|20|0.0|0.0|0.0|0.0|0.0|0.0|644.44|2022|6
2022-06-03|True|True|525.0|9.0|504.0|192|0.0|0.0|0.0|10.0|0.0|0.0|30.0|2022|6
2022-06-04|False|False|39.73|0.0|0.0|0|0.0|0.0|0.0|0.0|0.0|0.0|39.73|2022|6
2022-06-05|False|False|169.77|0.0|0.0|0|0.0|0.0|0.0|0.0|0.0|0.0|169.77|2022|6
2022-06-06|False|False|156.8|16.0|13.53|40|0.0|0.0|0.0|0.0|0.0|0.0|159.27|2022|6
2022-06-07|False|False|590.06|38.0|65.1|160|0.0|0.0|0.0|0.0|0.0|0.0|562.96|2022|6
2022-06-08|False|False|616.16|10.0|27.1|90|0.0|0.0|0.0|0.0|0.0|0.0|599.06|2022|6
2022-06-08|True|True|235.0|15.0|92.6|116|0.0|0.0|0.0|0.0|0.0|0.0|157.4|2022|6
2022-06-09|False|False|415.14|30.0|24.27|40|0.0|0.0|0.0|0.0|0.0|0.0|420.87|2022|6
2022-06-09|True|True|105.0|0.0|100.8|96|0.0|0.0|0.0|0.0|0.0|0.0|4.2|2022|6
2022-06-10|False|False|683.31|54.0|99.38|166|0.0|0.0|0.0|0.0|0.0|0.0|637.93|2022|6
2022-06-10|True|True|140.0|0.0|92.4|66|0.0|0.0|0.0|0.0|0.0|0.0|47.6|2022|6
2022-06-13|False|False|288.5|20.0|7.25|20|0.0|0.0|0.0|0.0|0.0|0.0|301.25|2022|6
2022-06-14|False|False|537.51|28.0|19.54|60|0.0|0.0|0.0|0.0|0.0|0.0|545.97|2022|6
2022-06-15|False|False|515.96|36.0|25.71|60|0.0|0.0|0.0|0.0|0.0|0.0|526.25|2022|6
2022-06-16|False|False|517.59|60.0|13.58|20|0.0|0.0|0.0|0.0|0.0|0.0|564.01|2022|6
2022-06-16|True|True|185.0|0.0|122.1|66|26.92|0.0|0.0|0.0|0.0|0.0|89.82|2022|6
2022-06-17|False|False|333.51|25.0|7.99|20|0.0|0.0|0.0|0.0|0.0|0.0|350.52|2022|6
2022-06-18|False|False|36.87|0.0|0.0|0|0.0|0.0|0.0|0.0|0.0|0.0|36.87|2022|6
2022-06-20|False|False|187.96|17.0|43.9|110|0.0|0.0|0.0|0.0|0.0|0.0|161.06|2022|6
2022-06-20|True|True|175.0|0.0|100.8|192|332.0|0.0|0.0|0.0|0.0|0.0|406.2|2022|6
2022-06-21|False|False|296.64|22.0|46.8|110|0.0|0.0|0.0|0.0|0.0|0.0|271.84|2022|6
2022-06-22|False|False|269.7|8.0|13.3|40|0.0|0.0|0.0|0.0|0.0|0.0|264.4|2022|6
2022-06-22|True|True|80.0|1.85|52.8|66|66.0|0.0|0.0|0.0|0.0|0.0|95.05|2022|6
2022-06-23|False|False|524.08|34.0|57.47|120|0.0|0.0|0.0|0.0|0.0|0.0|500.61|2022|6
2022-06-24|False|False|223.66|28.0|0.0|0|0.0|0.0|0.0|0.0|0.0|0.0|251.66|2022|6
2022-06-24|True|True|185.0|0.0|122.1|66|19.22|0.0|0.0|0.0|0.0|0.0|82.12|2022|6
2022-06-25|False|False|24.69|5.0|0.0|0|0.0|0.0|0.0|0.0|0.0|0.0|29.69|2022|6
2022-06-26|False|False|49.38|0.0|0.0|0|0.0|0.0|0.0|0.0|0.0|0.0|49.38|2022|6
2022-06-27|False|False|503.45|20.0|14.64|40|0.0|0.0|0.0|0.0|0.0|0.0|508.81|2022|6
2022-06-27|True|True|35.0|0.0|0.0|0|169.95|5.61|0.0|0.0|0.0|0.0|210.56|2022|6
2022-06-28|False|False|1189.26|65.0|141.15|310|0.0|0.0|0.0|0.0|0.0|0.0|1113.11|2022|6
2022-06-29|False|False|545.16|44.0|30.82|80|0.0|0.0|0.0|0.0|0.0|0.0|558.34|2022|6
2022-06-29|True|True|335.0|0.0|221.1|66|21.62|0.0|0.0|0.0|0.0|0.0|135.52|2022|6
2022-06-30|False|False|388.7|46.0|16.27|40|0.0|0.0|0.0|0.0|0.0|0.0|418.43|2022|6
2022-07-01|False|False|331.49|36.0|30.77|80|0.0|0.0|0.0|0.0|0.0|0.0|336.72|2022|7
2022-07-05|False|False|334.19|23.0|22.23|40|0.0|0.0|0.0|0.0|0.0|0.0|334.96|2022|7
2022-07-06|False|False|274.49|25.0|0.0|0|0.0|0.0|0.0|0.0|0.0|0.0|299.49|2022|7
2022-07-06|True|True|255.0|0.0|168.3|132|5.13|0.0|0.0|0.0|0.0|0.0|91.83|2022|7
2022-07-07|False|False|276.8|47.0|25.13|60|0.0|0.0|0.0|0.0|0.0|0.0|298.67|2022|7
2022-07-08|False|False|546.5|25.0|23.01|40|0.0|0.0|0.0|0.0|0.0|0.0|548.49|2022|7
2022-07-09|False|False|48.66|5.0|9.73|20|0.0|0.0|0.0|0.0|0.0|0.0|43.93|2022|7
2022-07-10|False|False|53.97|0.0|0.0|0|0.0|0.0|0.0|0.0|0.0|0.0|53.97|2022|7
2022-07-11|False|False|344.36|15.0|0.0|0|0.0|0.0|0.0|0.0|0.0|0.0|359.36|2022|7
2022-07-12|False|False|352.89|19.0|8.05|20|0.0|0.0|0.0|0.0|0.0|0.0|363.84|2022|7
2022-07-13|False|False|518.84|29.0|0.0|0|0.0|0.0|0.0|0.0|0.0|0.0|547.84|2022|7
2022-07-13|True|True|425.0|0.0|234.3|66|172.2|0.0|0.0|0.0|0.0|0.0|369.64|2022|7
2022-07-14|False|False|604.42|35.0|50.72|130|0.0|0.0|0.0|0.0|0.0|0.0|588.7|2022|7
2022-07-15|False|False|330.6|61.76|0.0|0|0.0|0.0|0.0|0.0|0.0|0.0|392.36|2022|7
2022-07-17|False|False|61.17|6.0|0.0|0|0.0|0.0|0.0|0.0|0.0|0.0|67.17|2022|7
2022-07-18|False|False|386.65|28.0|17.08|35|0.0|0.0|0.0|0.0|0.0|0.0|397.57|2022|7
2022-07-19|False|False|304.68|34.0|23.4|70|0.0|0.0|0.0|0.0|0.0|0.0|315.28|2022|7
2022-07-19|True|True|70.0|0.0|0.0|0|130.0|0.0|0.0|0.0|0.0|0.0|200.0|2022|7
2022-07-20|False|False|230.38|2.0|0.0|0|0.0|0.0|0.0|0.0|0.0|0.0|232.38|2022|7
2022-07-20|True|True|405.0|0.0|267.3|66|25.95|0.0|0.0|0.0|0.0|0.0|163.65|2022|7
2022-07-21|False|False|969.6|77.0|0.0|0|0.0|0.0|0.0|0.0|0.0|0.0|1046.6|2022|7
2022-07-22|False|False|569.79|82.91|21.63|50|0.0|0.0|0.0|0.0|0.0|0.0|631.07|2022|7
2022-07-22|False|True|713.72|0.0|0.0|0|0.0|0.0|0.0|0.0|0.0|0.0|713.72|2022|7
2022-07-25|False|False|449.09|59.39|9.03|20|0.0|0.0|0.0|0.0|0.0|0.0|499.45|2022|7
2022-07-26|False|False|545.37|52.0|25.81|60|0.0|0.0|0.0|0.0|0.0|0.0|571.56|2022|7
2022-07-26|True|True|515.0|0.0|339.9|66|71.55|0.0|0.0|0.0|0.0|0.0|246.65|2022|7
2022-07-27|False|False|523.12|56.0|20.68|40|0.0|0.0|0.0|0.0|0.0|0.0|558.44|2022|7
2022-07-27|True|True|70.0|0.0|0.0|0|130.0|2.1|0.0|0.0|0.0|0.0|202.1|2022|7
2022-07-28|False|False|418.74|18.0|32.74|60|0.0|0.0|0.0|0.0|0.0|0.0|404.0|2022|7
2022-07-29|False|False|245.94|30.0|31.56|60|0.0|0.0|0.0|0.0|0.0|0.0|244.38|2022|7
2022-08-01|False|False|606.1|44.75|7.07|20|0.0|0.0|0.0|0.0|0.0|0.0|643.78|2022|8
2022-08-01|True|True|445.0|0.0|96.0|20|0.0|0.0|0.0|0.0|0.0|0.0|356.0|2022|8
2022-08-02|False|False|274.5|22.0|66.89|140|0.0|0.0|0.0|0.0|0.0|0.0|229.61|2022|8
2022-08-02|True|True|355.0|0.0|234.3|66|0.0|0.0|0.0|0.0|0.0|0.0|120.7|2022|8
2022-08-03|False|False|659.55|46.0|26.5|40|0.0|0.0|0.0|0.0|0.0|0.0|679.05|2022|8
2022-08-03|True|True|70.0|0.0|0.0|0|304.0|0.0|0.0|0.0|0.0|0.0|374.0|2022|8
2022-08-04|False|False|1178.95|43.0|187.5|400|0.0|0.0|0.0|0.0|0.0|0.0|1034.45|2022|8
2022-08-05|False|False|236.63|20.0|24.62|70|0.0|0.0|0.0|0.0|0.0|0.0|232.01|2022|8
2022-08-07|False|False|71.46|10.0|20.01|50|0.0|0.0|0.0|0.0|0.0|0.0|61.45|2022|8
2022-08-08|False|False|637.52|9.0|89.36|180|0.0|0.0|0.0|0.0|0.0|0.0|557.16|2022|8
2022-08-08|True|True|300.0|0.0|60.0|20|0.0|0.0|0.0|0.0|0.0|0.0|240.0|2022|8
2022-08-09|False|False|409.21|35.0|68.68|140|0.0|0.0|0.0|0.0|0.0|0.0|375.53|2022|8
2022-08-09|True|True|470.0|0.0|310.2|66|52.36|0.0|0.0|0.0|0.0|6.65|218.81|2022|8
2022-08-10|False|False|914.36|40.0|195.74|456|0.0|0.0|0.0|0.0|0.0|24.46|783.08|2022|8
2022-08-10|True|True|95.0|5.0|24.0|96|244.21|2.0|0.06|0.0|0.0|10.24|332.51|2022|8
2022-08-11|False|False|1201.8|110.06|39.43|100|0.0|0.0|0.0|0.0|0.0|44.83|1317.26|2022|8
2022-08-12|False|False|607.24|59.0|5.92|20|0.0|0.0|0.0|0.0|0.0|23.44|683.76|2022|8
2022-08-15|False|False|629.69|18.0|59.48|145|0.0|0.0|0.0|0.0|0.0|22.2|610.41|2022|8
2022-08-15|True|True|525.0|0.0|105.0|20|0.0|0.0|0.0|0.0|0.0|12.85|432.85|2022|8
2022-08-16|False|False|342.74|15.0|16.36|40|0.0|0.0|0.0|0.0|0.0|12.97|354.35|2022|8
2022-08-16|True|True|125.0|0.0|82.5|66|36.19|0.0|0.0|0.0|0.0|2.66|81.35|2022|8
2022-08-17|False|False|498.06|44.37|49.99|110|0.0|0.0|0.0|0.0|0.0|17.8|510.24|2022|8
2022-08-18|False|False|584.57|40.27|49.61|110|0.0|0.0|0.0|0.0|0.0|21.2|596.43|2022|8
2022-08-18|True|True|95.0|0.0|16.5|66|392.77|0.0|0.0|0.0|0.0|14.69|485.96|2022|8
2022-08-19|False|False|554.08|51.0|66.56|140|0.0|0.0|0.0|0.0|0.0|19.81|558.33|2022|8
2022-08-19|True|True|120.0|0.0|79.2|66|21.02|0.0|0.0|0.0|0.0|2.16|63.98|2022|8
2022-08-21|True|True|285.0|0.0|57.0|20|0.0|0.0|0.0|0.0|0.0|7.12|235.12|2022|8
2022-08-22|False|False|584.73|50.0|61.23|140|0.0|0.0|0.0|0.0|0.0|21.15|594.65|2022|8
2022-08-22|True|True|565.0|0.0|145.2|86|51.49|0.0|0.0|10.0|0.0|15.0|486.29|2022|8
2022-08-23|False|False|534.15|47.82|18.4|40|0.0|0.0|0.0|0.0|0.0|20.53|584.1|2022|8
2022-08-23|True|True|75.0|0.0|49.5|66|0.0|0.0|0.0|0.0|0.0|1.07|26.57|2022|8
2022-08-24|False|False|493.22|22.0|63.65|150|0.0|0.0|0.0|0.0|0.0|17.17|468.74|2022|8
2022-08-24|True|True|120.0|0.0|79.2|66|0.0|0.0|0.0|0.0|0.0|1.53|42.33|2022|8
2022-08-25|False|False|709.74|48.0|44.29|100|0.0|0.0|0.0|0.0|0.0|25.94|739.39|2022|8
2022-08-25|True|True|50.0|0.0|33.0|0|3.24|0.0|0.0|0.0|0.0|0.91|21.15|2022|8
2022-08-26|False|False|593.42|33.0|98.86|216|0.0|0.0|0.0|0.0|0.0|19.76|547.32|2022|8
2022-08-26|True|True|125.0|0.0|97.5|162|4.99|0.0|0.0|0.0|0.0|1.59|34.08|2022|8
2022-08-29|False|False|397.47|7.0|54.17|120|0.0|0.0|0.0|0.0|0.0|13.26|363.56|2022|8
2022-08-29|True|True|620.0|0.0|124.0|20|0.0|0.0|0.0|0.0|0.0|15.12|511.12|2022|8
2022-08-30|False|False|738.05|15.0|123.49|315|0.0|0.0|0.0|0.0|0.0|24.37|653.93|2022|8
2022-08-30|True|True|50.0|0.0|33.0|66|3.24|0.0|0.0|0.0|0.0|0.91|21.15|2022|8
2022-08-31|False|False|771.1|45.5|134.63|350|0.0|0.0|0.0|0.0|0.0|26.56|708.53|2022|8
2022-08-31|True|True|95.0|0.0|62.7|66|2.79|0.0|0.0|0.0|0.0|1.36|36.45|2022|8
2022-09-01|False|False|645.91|64.41|101.29|282|0.0|0.0|0.0|0.0|1713.0|22.81|631.84|2022|9
2022-09-01|True|True|25.0|0.0|16.5|66|0.0|0.0|0.0|0.0|0.0|0.56|9.06|2022|9
2022-09-02|False|False|467.9|35.43|43.78|120|0.0|0.0|0.0|0.0|1107.0|17.75|477.3|2022|9
2022-09-02|True|True|100.0|0.0|33.0|66|0.0|0.0|0.0|0.0|0.0|2.62|69.62|2022|9
2022-09-05|True|True|435.0|0.0|87.0|20|0.0|0.0|0.0|0.0|0.0|10.7|358.7|2022|9
2022-09-06|False|False|1153.88|139.24|64.0|160|0.0|0.0|0.0|0.0|3902.0|44.44|1273.56|2022|9
2022-09-06|True|True|75.0|0.0|49.5|66|9.59|0.0|0.0|0.0|0.0|1.36|36.45|2022|9
2022-09-07|False|False|655.72|70.03|45.35|110|0.0|0.0|0.0|0.0|3216.0|24.93|705.33|2022|9
2022-09-07|True|True|130.0|0.0|85.8|66|2.45|0.0|0.0|0.0|0.0|1.7|48.35|2022|9
2022-09-08|False|False|740.63|66.57|47.27|120|0.0|0.0|0.0|0.0|16290.0|27.62|787.55|2022|9
2022-09-09|False|False|1155.62|129.07|49.88|130|0.0|0.0|0.0|0.0|8386.0|44.61|1279.42|2022|9
2022-09-09|True|True|85.0|0.0|56.1|66|-1.14|0.0|0.0|0.0|0.0|1.14|28.9|2022|9
2022-09-11|True|True|380.0|0.0|76.0|20|0.0|0.0|0.0|0.0|0.0|9.39|313.39|2022|9
2022-09-12|False|False|1094.93|71.0|18.3|50|0.0|0.0|0.0|0.0|3772.0|42.59|1190.22|2022|9
2022-09-12|True|True|50.0|0.0|33.0|66|14.76|0.0|0.0|0.0|0.0|1.26|33.02|2022|9
2022-09-13|False|False|465.04|65.93|25.22|60|0.0|0.0|0.0|0.0|2380.0|17.9|523.65|2022|9
2022-09-13|True|True|100.0|0.0|66.0|66|36.44|0.0|0.0|0.0|0.0|2.41|72.85|2022|9
2022-09-14|False|False|1062.31|116.5|124.85|220|0.0|0.0|0.0|0.0|23839.0|37.35|1091.31|2022|9
2022-09-14|True|True|165.0|0.0|108.9|66|29.19|0.0|0.0|0.0|0.0|2.86|88.15|2022|9
2022-09-15|False|False|1106.94|41.27|56.03|150|0.0|0.0|0.0|0.0|11261.0|41.61|1133.79|2022|9
2022-09-15|True|True|75.0|0.0|49.5|66|-1.04|0.0|0.0|0.0|0.0|1.04|25.5|2022|9
2022-09-16|False|False|579.66|9.26|38.82|100|0.0|0.0|0.0|0.0|3051.0|20.45|570.55|2022|9
2022-09-16|True|True|125.0|0.0|82.5|66|21.53|0.0|0.0|0.0|0.0|2.22|66.25|2022|9
2022-09-18|True|True|430.0|0.0|86.0|20|0.0|0.0|0.0|0.0|0.0|10.58|354.58|2022|9
2022-09-19|False|False|776.66|34.9|124.17|315|0.0|0.0|0.0|0.0|3797.0|27.05|714.44|2022|9
2022-09-19|True|True|85.0|0.0|56.1|66|-1.14|0.0|0.0|0.0|0.0|1.14|28.9|2022|9
2022-09-20|False|False|839.27|90.44|82.43|200|0.0|0.0|0.0|0.0|14058.0|31.8|879.08|2022|9
2022-09-20|True|True|150.0|0.0|99.0|66|17.64|0.0|0.0|0.0|0.0|2.36|71.0|2022|9
2022-09-21|False|False|526.21|36.43|48.33|110|0.0|0.0|0.0|0.0|1752.0|19.06|533.37|2022|9
2022-09-21|True|True|170.0|0.0|112.2|66|18.17|0.0|0.0|0.0|0.0|2.58|78.55|2022|9
2022-09-22|False|False|815.6|80.95|69.94|160|0.0|0.0|0.0|0.0|3006.0|29.94|856.55|2022|9
2022-09-22|False|True|67.8|0.0|0.0|0|0.0|0.0|0.0|0.0|1000.0|2.33|70.13|2022|9
2022-09-22|True|True|50.0|0.0|33.0|66|3.24|0.0|0.0|0.0|0.0|0.91|21.15|2022|9
2022-09-23|False|False|573.71|49.16|83.44|170|0.0|0.0|0.0|0.0|5401.0|19.82|559.25|2022|9
2022-09-23|True|True|125.0|0.0|82.5|66|2.5|0.0|0.0|0.0|0.0|1.65|46.65|2022|9
2022-09-26|False|False|402.64|51.94|69.87|190|0.0|0.0|0.0|0.0|3041.0|14.9|399.61|2022|9
2022-09-26|True|True|485.0|0.0|108.5|86|45.58|0.0|0.0|0.0|0.0|13.22|435.3|2022|9
2022-09-27|False|False|253.42|37.64|39.32|115|0.0|0.0|0.0|0.0|628.0|9.68|261.42|2022|9
2022-09-27|True|True|100.0|0.0|66.0|66|2.02|0.0|0.0|0.0|0.0|1.38|37.4|2022|9
2022-09-28|False|False|580.4|58.55|100.02|250|0.0|0.0|0.0|0.0|2477.0|20.43|559.36|2022|9
2022-09-28|True|True|150.0|0.0|99.0|66|6.28|0.0|0.0|0.0|0.0|2.02|59.3|2022|9
2022-09-29|False|False|340.91|30.48|31.16|80|0.0|0.0|0.0|0.0|1610.0|12.64|352.87|2022|9
2022-09-29|True|True|50.0|0.0|33.0|66|3.24|0.0|0.0|0.0|0.0|0.91|21.15|2022|9
2022-09-30|False|False|555.8|72.66|90.3|190|0.0|0.0|0.0|0.0|2429.0|19.49|557.65|2022|9
2022-09-30|True|True|50.0|0.0|33.0|66|3.24|0.0|0.0|0.0|0.0|0.91|21.15|2022|9
2022-10-02|True|True|290.0|0.0|58.0|20|0.0|0.0|0.0|0.0|0.0|7.24|239.24|2022|10
2022-10-03|False|False|560.68|65.02|41.68|115|0.0|0.0|0.0|0.0|6860.0|21.48|605.5|2022|10
2022-10-03|True|True|70.0|0.0|46.2|66|26.1|0.0|0.0|0.0|0.0|1.8|51.7|2022|10
2022-10-04|False|False|250.83|24.48|34.16|80|0.0|0.0|0.0|0.0|480.0|9.04|250.19|2022|10
2022-10-04|True|True|100.0|0.0|66.0|66|2.74|0.0|0.0|0.0|0.0|1.41|38.15|2022|10
2022-10-05|False|False|477.41|56.14|32.18|60|0.0|0.0|0.0|0.0|2772.0|18.05|519.42|2022|10
2022-10-05|True|True|225.0|0.0|148.5|66|9.76|0.0|0.0|0.0|0.0|2.89|89.15|2022|10
2022-10-06|False|False|677.55|70.2|49.33|115|0.0|0.0|0.0|0.0|4447.0|25.8|724.22|2022|10
2022-10-06|True|True|75.0|0.0|49.5|66|9.59|0.0|0.0|0.0|0.0|1.36|36.45|2022|10
2022-10-07|False|False|583.92|83.42|81.31|145|0.0|0.0|0.0|0.0|1806.0|20.91|606.94|2022|10
2022-10-07|True|True|95.0|0.0|62.7|66|2.79|0.0|0.0|0.0|0.0|1.36|36.45|2022|10
2022-10-09|False|False|51.5|0.0|25.75|50|0.0|0.0|0.0|0.0|100.0|1.08|26.83|2022|10
2022-10-09|True|True|320.0|0.0|64.0|20|0.0|0.0|0.0|0.0|0.0|7.95|263.95|2022|10
2022-10-10|False|False|49.88|7.48|0.0|0|0.0|0.0|0.0|0.0|2800.0|2.02|59.38|2022|10
2022-10-11|False|False|457.2|22.32|97.15|220|0.0|0.0|0.0|0.0|1470.0|14.83|397.2|2022|10
2022-10-11|True|True|75.0|0.0|49.5|66|2.99|0.0|0.0|0.0|0.0|1.16|29.65|2022|10
2022-10-12|False|False|907.73|99.11|52.15|140|0.0|0.0|0.0|0.0|2772.0|35.61|990.3|2022|10
2022-10-12|True|True|160.0|0.0|105.6|66|36.74|0.0|0.0|0.0|0.0|3.03|94.17|2022|10
2022-10-13|False|False|562.77|61.64|41.97|120|0.0|0.0|0.0|0.0|3426.0|21.42|603.86|2022|10
2022-10-13|True|True|100.0|0.0|66.0|66|-1.29|0.0|0.0|0.0|0.0|1.29|34.0|2022|10
2022-10-14|False|False|402.53|43.75|82.32|210|0.0|0.0|0.0|0.0|1256.0|13.97|377.93|2022|10
2022-10-14|True|True|175.0|0.0|115.5|66|44.1|0.0|0.0|0.0|0.0|3.4|107.0|2022|10
2022-10-16|True|True|265.0|0.0|53.0|20|0.0|0.0|0.0|0.0|0.0|6.64|218.64|2022|10
2022-10-17|False|False|528.41|39.89|142.51|320|0.0|0.0|0.0|0.0|1750.0|16.4|442.19|2022|10
2022-10-17|True|True|110.0|0.0|72.6|66|6.67|0.0|0.0|0.0|0.0|1.63|45.7|2022|10
2022-10-18|False|False|481.1|50.56|64.5|130|0.0|0.0|0.0|0.0|3225.0|17.04|484.2|2022|10
2022-10-18|True|True|125.0|0.0|82.5|66|2.5|0.0|0.0|0.0|0.0|1.65|46.65|2022|10
2022-10-19|False|False|456.34|47.66|38.04|120|0.0|0.0|0.0|0.0|1611.0|17.62|483.58|2022|10
2022-10-19|True|True|200.0|0.0|132.0|66|20.79|0.0|0.0|0.0|0.0|2.96|91.75|2022|10
2022-10-20|False|False|569.66|48.94|45.59|100|0.0|0.0|0.0|0.0|3346.0|20.51|593.52|2022|10
2022-10-20|True|True|25.0|0.0|16.5|66|-0.55|0.0|0.0|0.0|0.0|0.55|8.5|2022|10
2022-10-21|False|False|409.9|34.09|55.13|120|0.0|0.0|0.0|0.0|2971.0|14.09|402.95|2022|10
2022-10-21|True|True|60.0|0.0|39.6|66|10.63|0.0|0.0|0.0|0.0|1.24|32.27|2022|10
2022-10-23|True|True|400.0|0.0|80.0|20|0.0|0.0|0.0|0.0|0.0|9.87|329.87|2022|10
2022-10-24|False|False|517.53|42.63|74.35|205|0.0|0.0|0.0|0.0|1305.0|18.82|504.63|2022|10
2022-10-24|True|True|110.0|0.0|72.6|66|71.83|0.0|0.0|0.0|0.0|3.57|112.8|2022|10
2022-10-25|False|False|592.47|31.55|124.53|280|0.0|0.0|0.0|0.0|11750.0|19.24|518.73|2022|10
2022-10-25|True|True|75.0|0.0|49.5|66|-1.04|0.0|0.0|0.0|0.0|1.04|25.5|2022|10
2022-10-26|False|False|464.83|63.17|67.88|160|0.0|0.0|0.0|0.0|105061.0|17.13|477.25|2022|10
2022-10-26|True|True|195.0|0.0|128.7|66|66.96|0.0|0.0|0.0|0.0|4.29|137.55|2022|10
2022-10-27|False|False|438.78|59.39|54.49|130|0.0|0.0|0.0|0.0|2306.0|16.34|460.02|2022|10
2022-10-27|True|True|25.0|0.0|16.5|66|-0.55|0.0|0.0|0.0|0.0|0.55|8.5|2022|10
2022-10-28|False|False|319.85|45.86|9.84|20|0.0|0.0|0.0|0.0|3630.0|12.79|368.66|2022|10
2022-10-28|True|True|590.0|0.0|152.5|106|115.59|0.0|0.0|0.0|0.0|17.45|570.54|2022|10
2022-10-31|False|False|565.05|86.76|17.49|40|0.0|0.0|0.0|0.0|3313.0|22.65|656.97|2022|10
2022-10-31|True|True|25.0|0.0|16.5|66|3.48|0.0|0.0|0.0|0.0|0.67|12.65|2022|10
2022-11-01|False|False|470.47|62.36|32.65|70|0.0|0.0|0.0|0.0|3977.0|17.71|517.89|2022|11
2022-11-01|True|True|50.0|0.0|33.0|66|3.24|0.0|0.0|0.0|0.0|0.91|21.15|2022|11
2022-11-02|False|False|635.2|72.07|15.14|40|0.0|0.0|0.0|0.0|3521.0|24.38|716.51|2022|11
2022-11-02|True|True|100.0|0.0|66.0|66|2.74|0.0|0.0|0.0|0.0|1.41|38.15|2022|11
2022-11-03|False|False|487.32|71.24|27.2|70|0.0|0.0|0.0|0.0|14025.0|19.28|550.64|2022|11
2022-11-03|True|True|100.0|0.0|66.0|66|14.1|0.0|0.0|0.0|0.0|1.75|49.85|2022|11
2022-11-04|False|False|500.15|52.88|44.82|90|0.0|0.0|0.0|0.0|7300.0|18.58|526.79|2022|11
2022-11-04|True|True|85.0|0.0|56.1|66|6.92|0.0|0.0|0.0|0.0|1.38|37.2|2022|11
2022-11-06|True|True|170.0|0.0|34.0|20|0.0|0.0|0.0|0.0|0.0|4.37|140.37|2022|11
2022-11-07|False|False|413.46|45.43|14.37|50|0.0|0.0|0.0|0.0|21860.0|16.06|460.58|2022|11
2022-11-07|True|True|120.0|0.0|79.2|66|18.1|0.0|0.0|0.0|0.0|2.07|60.97|2022|11
2022-11-08|False|False|374.34|44.63|5.29|20|0.0|0.0|0.0|0.0|4750.0|15.13|428.81|2022|11
2022-11-08|True|True|100.0|0.0|66.0|66|2.74|0.0|0.0|0.0|0.0|1.41|38.15|2022|11
2022-11-09|False|False|380.79|33.82|11.09|40|0.0|0.0|0.0|0.0|6037.0|14.83|418.35|2022|11
2022-11-09|True|True|125.0|0.0|82.5|66|6.53|0.0|0.0|0.0|0.0|1.77|50.8|2022|11
2022-11-10|False|False|397.04|41.75|33.1|70|0.0|0.0|0.0|0.0|1799.0|15.21|420.9|2022|11
2022-11-10|True|True|50.0|0.0|33.0|66|2.51|0.0|0.0|0.0|0.0|0.89|20.4|2022|11
2022-11-11|True|True|145.0|0.0|95.7|66|2.3|0.0|0.0|0.0|0.0|1.85|53.45|2022|11
2022-11-14|False|False|545.51|50.1|55.85|160|0.0|0.0|0.0|0.0|1660.0|20.15|559.91|2022|11
2022-11-14|True|True|140.0|0.0|92.4|66|71.53|0.0|0.0|0.0|0.0|3.87|123.0|2022|11
2022-11-15|False|False|641.36|68.8|77.33|140|0.0|0.0|0.0|0.0|3570.0|22.92|655.75|2022|11
2022-11-15|True|True|50.0|0.0|33.0|66|-0.79|0.0|0.0|0.0|0.0|0.79|17.0|2022|11
2022-11-16|False|False|584.31|73.53|32.02|50|0.0|0.0|0.0|0.0|4251.0|22.71|648.53|2022|11
2022-11-16|True|True|100.0|0.0|66.0|66|10.24|0.0|0.0|0.0|0.0|1.63|45.87|2022|11
2022-11-17|False|False|813.84|66.14|29.86|80|0.0|0.0|0.0|0.0|11825.0|31.58|881.7|2022|11
2022-11-17|True|True|375.0|0.0|109.5|86|13.79|0.0|0.0|0.0|0.0|8.96|288.25|2022|11
2022-11-18|False|False|550.83|72.8|9.8|20|0.0|0.0|0.0|0.0|6165.0|22.33|636.16|2022|11
2022-11-18|True|True|145.0|0.0|95.7|66|9.8|0.0|0.0|0.0|0.0|2.07|61.17|2022|11
2022-11-19|True|False|105.0|0.0|100.8|96|2.0|0.0|0.0|3.0|0.0|0.8|7.0|2022|11
2022-11-19|True|True|70.0|0.0|67.2|96|0.0|0.0|0.0|0.0|0.0|0.45|5.25|2022|11
2022-11-21|False|False|988.66|91.12|122.81|301|1.0|1.0|0.02|0.0|12073.0|36.07|995.06|2022|11
2022-11-21|True|True|25.0|0.0|16.5|66|10.98|0.0|0.0|0.0|0.0|0.89|20.37|2022|11
2022-11-22|False|False|692.24|51.88|115.35|250|0.0|0.0|0.0|0.0|5580.0|23.73|652.5|2022|11
2022-11-22|True|True|150.0|0.0|99.0|66|6.28|0.0|0.0|0.0|0.0|2.02|59.3|2022|11
2022-11-23|False|False|588.2|65.41|38.58|70|0.0|0.0|0.0|0.0|3435.0|22.39|637.42|2022|11
2022-11-23|True|True|100.0|0.0|66.0|66|6.77|0.0|0.0|0.0|0.0|1.53|42.3|2022|11
2022-11-25|False|False|150.47|28.27|0.0|0|0.0|0.0|0.0|0.0|1580.0|6.26|185.0|2022|11
2022-11-25|True|True|240.0|0.0|48.0|20|0.0|0.0|0.0|0.0|0.0|6.04|198.04|2022|11
2022-11-28|False|False|684.57|54.69|57.23|120|0.0|0.0|0.0|0.0|8155.0|24.68|706.71|2022|11
2022-11-28|True|True|50.0|0.0|33.0|66|3.24|0.0|0.0|0.0|0.0|0.91|21.15|2022|11
2022-11-29|False|False|412.23|38.39|39.02|70|0.0|0.0|0.0|0.0|3220.0|14.79|426.39|2022|11
2022-11-29|True|True|100.0|0.0|66.0|66|-1.29|0.0|0.0|0.0|0.0|1.29|34.0|2022|11
2022-11-30|False|False|968.86|101.3|147.78|300|0.0|0.0|0.0|0.0|61396.0|33.4|955.78|2022|11
2022-11-30|True|True|170.0|0.0|112.2|66|25.11|0.0|0.0|0.0|0.0|2.79|85.7|2022|11
2022-12-01|False|False|698.57|71.29|46.13|80|0.0|0.0|0.0|0.0|58311.0|25.93|749.66|2022|12
2022-12-01|True|True|120.0|0.0|35.5|86|10.98|0.0|0.0|0.0|0.0|3.47|98.95|2022|12
2022-12-02|False|False|626.21|68.62|75.45|166|0.0|0.0|0.0|0.0|2772.0|22.81|642.19|2022|12
2022-12-02|True|True|25.0|0.0|16.5|66|10.98|0.0|0.0|0.0|0.0|0.89|20.37|2022|12
2022-12-05|False|False|510.92|56.21|51.69|110|0.0|0.0|0.0|0.0|4125.0|18.78|534.22|2022|12
2022-12-05|True|True|35.0|0.0|23.1|66|45.48|0.0|0.0|0.0|0.0|2.02|59.4|2022|12
2022-12-06|False|False|786.81|112.77|93.11|190|0.0|0.0|0.0|0.0|6362.0|29.35|835.82|2022|12
2022-12-06|True|True|150.0|0.0|66.0|66|24.44|0.0|0.0|0.0|0.0|3.86|112.3|2022|12
2022-12-07|False|False|681.52|65.0|8.9|20|0.0|0.0|0.0|0.0|4610.0|26.97|764.59|2022|12
2022-12-07|True|True|275.0|0.0|89.1|66|44.94|0.0|0.0|0.0|0.0|7.51|238.35|2022|12
2022-12-08|False|False|939.51|87.46|27.86|60|0.0|0.0|0.0|0.0|4491.0|36.66|1035.77|2022|12
2022-12-08|True|True|50.0|0.0|33.0|66|-0.79|0.0|0.0|0.0|0.0|0.79|17.0|2022|12
2022-12-09|False|False|793.88|111.27|53.98|115|0.0|0.0|0.0|0.0|6480.0|30.37|881.54|2022|12
2022-12-09|True|True|85.0|0.0|56.1|66|10.39|0.0|0.0|0.0|0.0|1.48|40.77|2022|12
2022-12-10|False|False|46.31|0.0|0.0|0|0.0|0.0|0.0|0.0|50.0|1.69|48.0|2022|12
2022-12-12|False|False|555.51|76.26|29.16|50|0.0|0.0|0.0|0.0|5003.0|22.31|624.92|2022|12
2022-12-12|True|True|100.0|0.0|49.5|66|49.11|0.0|0.0|0.0|0.0|3.6|103.21|2022|12
2022-12-13|False|False|746.73|111.29|109.47|300|0.0|0.0|0.0|0.0|7437.0|28.24|776.79|2022|12
2022-12-13|True|True|315.0|0.0|82.5|66|57.22|0.0|0.0|0.0|0.0|9.58|299.3|2022|12
2022-12-14|False|False|796.09|62.29|71.19|165|0.0|0.0|0.0|0.0|12416.0|29.38|816.57|2022|12
2022-12-14|True|True|215.0|0.0|102.3|66|-1.83|0.0|0.0|0.0|0.0|3.93|114.8|2022|12
2022-12-15|False|False|513.54|50.87|9.76|20|0.0|0.0|0.0|0.0|2352.0|20.57|575.22|2022|12
2022-12-15|True|True|145.0|0.0|66.0|66|18.3|0.0|0.0|0.0|0.0|3.52|100.82|2022|12
2022-12-16|False|False|1412.94|149.07|150.24|320|0.0|0.0|0.0|0.0|4211.0|52.04|1463.81|2022|12
2022-12-16|True|True|150.0|0.0|99.0|66|17.81|0.0|0.0|0.0|0.0|2.36|71.17|2022|12
2022-12-19|False|False|812.56|62.17|63.97|150|0.0|0.0|0.0|0.0|3421.0|30.39|841.15|2022|12
2022-12-19|True|True|100.0|0.0|66.0|66|2.74|0.0|0.0|0.0|0.0|1.41|38.15|2022|12
2022-12-20|False|False|845.94|102.73|23.8|50|0.0|0.0|0.0|0.0|1981.0|32.88|957.75|2022|12
2022-12-20|True|True|330.0|0.0|115.5|66|71.82|0.0|0.0|0.0|0.0|9.47|295.79|2022|12
2022-12-21|False|False|974.01|73.59|158.01|341|0.0|0.0|0.0|0.0|3624.0|33.03|922.62|2022|12
2022-12-21|True|True|50.0|0.0|33.0|66|-0.79|0.0|0.0|0.0|0.0|0.79|17.0|2022|12
2022-12-22|False|False|549.99|55.79|60.54|110|0.0|0.0|0.0|0.0|2610.0|20.0|565.24|2022|12
2022-12-22|True|True|160.0|0.0|105.6|66|25.21|0.0|0.0|0.0|0.0|2.69|82.3|2022|12
2022-12-23|False|False|568.8|66.17|58.14|95|0.0|0.0|0.0|0.0|1925.0|21.24|598.07|2022|12
2022-12-23|True|True|50.0|0.0|33.0|66|-0.79|0.0|0.0|0.0|0.0|0.79|17.0|2022|12
2022-12-27|False|False|168.39|13.19|0.0|0|0.0|0.0|0.0|0.0|326.0|6.66|188.24|2022|12
2022-12-27|True|True|45.0|0.0|29.7|66|10.78|0.0|0.0|0.0|0.0|1.09|27.17|2022|12
2022-12-28|False|False|123.34|13.79|29.75|96|0.0|0.0|0.0|0.0|402.0|4.44|111.82|2022|12
2022-12-28|True|True|60.0|0.0|39.6|66|6.99|0.0|0.0|0.0|0.0|1.13|28.52|2022|12
2022-12-29|False|False|285.17|36.06|9.96|20|0.0|0.0|0.0|0.0|5250.0|11.16|322.43|2022|12
2022-12-29|True|True|75.0|0.0|49.5|66|14.52|0.0|0.0|0.0|0.0|1.5|41.52|2022|12
2022-12-30|False|False|368.61|47.39|24.83|50|0.0|0.0|0.0|0.0|2665.0|14.15|405.32|2022|12
2022-12-30|True|True|50.0|0.0|33.0|66|13.43|0.0|0.0|0.0|0.0|1.22|31.65|2022|12
2023-01-03|False|False|108.36|14.03|8.76|20|0.0|0.0|0.0|0.0|250.0|4.32|117.95|2023|1
2023-01-03|True|True|110.0|0.0|72.6|66|2.64|0.0|0.0|0.0|0.0|1.5|41.54|2023|1
2023-01-04|False|False|224.84|17.93|41.74|70|0.0|0.0|0.0|0.0|425.0|7.54|208.57|2023|1
2023-01-04|True|True|50.0|0.0|33.0|66|3.25|0.0|0.0|0.0|0.0|0.91|21.16|2023|1
2023-01-05|False|False|317.19|39.82|0.0|0|0.0|0.0|0.0|0.0|2001.0|13.13|370.14|2023|1
2023-01-05|True|True|100.0|0.0|66.0|66|2.02|0.0|0.0|0.0|0.0|1.38|37.4|2023|1
2023-01-06|False|False|236.72|38.85|17.85|50|0.0|0.0|0.0|0.0|453.0|9.55|267.27|2023|1
2023-01-06|True|True|85.0|0.0|56.1|66|-1.14|0.0|0.0|0.0|0.0|1.14|28.9|2023|1
2023-01-09|False|False|341.93|23.18|50.61|100|0.0|0.0|0.0|0.0|1610.0|11.56|326.06|2023|1
2023-01-09|True|True|150.0|0.0|66.0|66|35.08|0.0|0.0|0.0|0.0|4.17|123.25|2023|1
2023-01-10|False|False|191.51|13.13|47.13|100|0.0|0.0|0.0|0.0|600.0|6.25|163.76|2023|1
2023-01-10|True|True|265.0|0.0|174.9|66|32.06|0.0|0.0|0.0|0.0|3.96|126.12|2023|1
2023-01-11|False|False|620.0|67.39|0.0|0|9.12|0.0|0.0|0.0|3470.37|25.42|721.93|2023|1
2023-01-11|True|True|135.0|0.0|89.1|66|26.21|0.0|0.0|0.0|0.0|2.46|74.57|2023|1
2023-01-12|False|False|225.96|36.38|0.0|0|28.83|0.0|0.0|0.0|990.0|10.56|301.73|2023|1
2023-01-12|True|True|100.0|0.0|66.0|66|10.8|0.0|0.0|0.0|0.0|1.65|46.45|2023|1
2023-01-13|False|False|358.32|61.44|0.0|0|30.64|0.0|0.0|0.0|2370.0|16.86|477.76|2023|1
2023-01-13|True|True|25.0|0.0|16.5|66|-0.55|0.0|0.0|0.0|0.0|0.55|8.5|2023|1
2023-01-16|False|False|178.81|15.1|21.85|50|9.0|0.0|0.0|0.0|2304.0|6.96|188.02|2023|1
2023-01-16|True|True|75.0|0.0|49.5|66|5.56|0.0|0.0|0.0|0.0|1.24|32.3|2023|1
2023-01-17|False|False|518.7|50.32|19.69|45|0.0|11.0|0.17|0.0|2803.0|20.78|581.28|2023|1
2023-01-17|True|True|125.0|0.0|82.5|66|-1.53|0.0|0.0|0.0|0.0|1.53|42.5|2023|1
2023-01-18|False|False|489.51|45.05|84.79|196|0.0|0.0|0.0|0.0|1478.0|17.15|466.92|2023|1
2023-01-18|True|True|275.0|0.0|181.5|66|47.14|0.0|0.0|0.0|0.0|4.51|145.15|2023|1
